
{ "objects":[{

		            "id": "1193",
		            "zonal_id": "3",
		            "First name": "E. STALIN",
		            "Last name": " ",
		            "email": "estalin@bajajauto.co.in",
		            "mobile": "9500034095",
		            "address": ""
				},{

		            "id": "1194",
		            "zonal_id": "3",
		            "First name": "T. BALASARVANAN",
		            "Last name": " ",
		            "email": "tbsaravanan@bajajauto.co.in",
		            "mobile": "9600015103",
		            "address": ""
				},{

		            "id": "1195",
		            "zonal_id": "3",
		            "First name": "P. SENTHIL",
		            "Last name": " ",
		            "email": "psenthil@bajajauto.co.in",
		            "mobile": "9840987567",
		            "address": ""
				},{

		            "id": "1196",
		            "zonal_id": "3",
		            "First name": "ASIF ALI",
		            "Last name": " ",
		            "email": "aaabdul@bajajauto.co.in",
		            "mobile": "9940428464",
		            "address": ""
				},{

		            "id": "1197",
		            "zonal_id": "3",
		            "First name": "APARAJITH SADAGOPAN",
		            "Last name": " ",
		            "email": "aparajiths@bajajauto.co.in",
		            "mobile": "9677222668",
		            "address": ""
				},{

		            "id": "1198",
		            "zonal_id": "3",
		            "First name": "K NAMBIRAJAN",
		            "Last name": " ",
		            "email": "knambirajan@bajajauto.co.in",
		            "mobile": "9840822205",
		            "address": ""
				}]}