
[{
					"zone_id":"9",
					"zone_name":"AHMEDABAD",
		            "id": "897",
		            "First name": "UMESH CHANDRATRE",
		            "Last name": " ",
		            "email": "umchandratre@bajajauto.co.in",
		            "mobile": "9909982680",
		            "address": ""
				},{
					"zone_id":"11",
					"zone_name":"BANGALORE",
		            "id": "899",
		            "First name": "B.M. KULKARNI",
		            "Last name": " ",
		            "email": "bmkulkarni@bajajauto.co.in",
		            "mobile": "9845733981",
		            "address": ""
				},{
					"zone_id":"10",
					"zone_name":"BHOPAL",
		            "id": "898",
		            "First name": "A.R. DIXIT",
		            "Last name": " ",
		            "email": "dixitar@bajajauto.co.in",
		            "mobile": "7389901229",
		            "address": ""
				},{
					"zone_id":"8",
					"zone_name":"CHANDIGARH",
		            "id": "896",
		            "First name": "C.B.KATRABAD",
		            "Last name": " ",
		            "email": "cbkatrabad@bajajauto.co.in",
		            "mobile": "9988855056",
		            "address": ""
				},{
					"zone_id":"3",
					"zone_name":"CHENNAI",
		            "id": "891",
		            "First name": "M.GANESHAN",
		            "Last name": " ",
		            "email": "mganeshan@bajajauto.co.in",
		            "mobile": "9791031359",
		            "address": ""
				},{
					"zone_id":"4",
					"zone_name":"DELHI",
		            "id": "892",
		            "First name": "OM PRAKASH JANGDA",
		            "Last name": " ",
		            "email": "prakashom@bajajauto.co.in",
		            "mobile": "9650370888",
		            "address": ""
				},{
					"zone_id":"6",
					"zone_name":"HYDERABAD",
		            "id": "894",
		            "First name": "L.SAMPATHKUMAR",
		            "Last name": " ",
		            "email": "lsampathkumar@bajajauto.co.in",
		            "mobile": "8008611160",
		            "address": ""
				},{
					"zone_id":"7",
					"zone_name":"JAIPUR",
		            "id": "895",
		            "First name": "ANIL AGRAWAL",
		            "Last name": " ",
		            "email": "aagrawal@bajajauto.co.in",
		            "mobile": "9672990505",
		            "address": ""
				},{
					"zone_id":"2",
					"zone_name":"KOLKATA",
		            "id": "890",
		            "First name": "G.M. SHIVKUMAR",
		            "Last name": " ",
		            "email": "gmsivakumar@bajajauto.co.in",
		            "mobile": "9831210004",
		            "address": ""
				},{
					"zone_id":"5",
					"zone_name":"LUCKNOW",
		            "id": "893",
		            "First name": "P.K.SHRIVASTAVA",
		            "Last name": " ",
		            "email": "pkshrivastava@bajajauto.co.in",
		            "mobile": "9415107652",
		            "address": ""
				},{
					"zone_id":"1",
					"zone_name":"MAHARASHTRA",
		            "id": "182",
		            "First name": "MILIND PENDHARKAR",
		            "Last name": " ",
		            "email": "mspendharkar@bajajauto.co.in",
		            "mobile": "9890500132",
		            "address": ""
				},{
					"zone_id":"12",
					"zone_name":"RANCHI",
		            "id": "900",
		            "First name": "RAHUL RANJAN",
		            "Last name": " ",
		            "email": "ranjanr@bajajauto.co.in",
		            "mobile": "9771441575",
		            "address": ""
				}]