{
    "dealer_id": "9784",
    "dealer_name": "Rajib",
    "audited_date": "21-01-2015",
    "editable": "0",
    "audit_type": "Process",
    "type_id": "1",
    "process": [
        {
            "type_name": "Service Reminder Process",
            "id": "001",
            "adherence": "50",
            "total_score": "100",
            "headings": [
                {
                    "heading_name": "2 Wheeler Dealers",
                    "heading_id": "1",
                    "questions": [
                        {
                            "question": "How are you?",
                            "question_id": "1",
                            "answer": "0",
                            "marks": "0",
                            "remarks": ""
                        },
                        {
                            "question": "How are you?",
                            "question_id": "2",
                            "answer": "1",
                            "marks": "20",
                            "remarks": "Well Done..!!"
                        },
                        {
                            "question": "How are you?",
                            "question_id": "3",
                            "answer": "1",
                            "marks": "20",
                            "remarks": ""
                        }
                    ]
                },
                {
                    "heading_name": "2 Wheeler Mechanics",
                    "heading_id": "2",
                    "questions": [
                        {
                            "question": "How are you?",
                            "question_id": "4",
                            "answer": "0",
                            "marks": "0",
                            "remarks": ""
                        },
                        {
                            "question": "How are you?",
                            "question_id": "5",
                            "answer": "0",
                            "marks": "0",
                            "remarks": ""
                        },
                        {
                            "question": "How are you?",
                            "question_id": "6",
                            "answer": "1",
                            "marks": "20",
                            "remarks": ""
                        }
                    ]
                }
            ]
        },
        {
            "type_name": "Vehicle Process",
            "id": "001",
            "adherence": "50",
            "total_score": "100",
            "headings": [
                {
                    "heading_name": "2 Wheeler Dealers",
                    "heading_id": "1",
                    "questions": [
                        {
                            "question": "How are you?",
                            "question_id": "11",
                            "answer": "1",
                            "marks": "20",
                            "remarks": ""
                        },
                        {
                            "question": "How are you?",
                            "question_id": "12",
                            "answer": "1",
                            "marks": "20",
                            "remarks": ""
                        },
                        {
                            "question": "How are you?",
                            "question_id": "13",
                            "answer": "0",
                            "marks": "0",
                            "remarks": ""
                        }
                    ]
                },
                {
                    "heading_name": "2 Wheeler Mechanics",
                    "heading_id": "2",
                    "questions": [
                        {
                            "question": "How are you?",
                            "question_id": "21",
                            "answer": "1",
                            "marks": "20",
                            "remarks": ""
                        },
                        {
                            "question": "How are you?",
                            "question_id": "22",
                            "answer": "1",
                            "marks": "20",
                            "remarks": ""
                        },
                        {
                            "question": "How are you?",
                            "question_id": "23",
                            "answer": "1",
                            "marks": "20",
                            "remarks": ""
                        }
                    ]
                }
            ]
        }
    ]
}