{
    "dealer_id": "9784",
    "dealer_name": "Rajib",
    "audited_date": "21-01-2015",
    "editable": "0",
    "objects": [
        {
            "dss_name": "Process",
            "dss_id": "1",
            "process": [
                {
                    "process_id": "1",
                    "process_name": "Service Reminder process",
                    "adherence" : "50",
                    "total_score" : "100",
                    "headings": [
                        {
                            "heading_id": "1",
                            "heading_name": "2 Wheeler Dealers",
                            "questions": [
                                {
                                    "question_id": "1",
                                    "question_name": "How are you?",
                                    "answer": "1",
                                    "marks": "20",
                                    "remarks" : ""
                                },
                                {
                                    "question_id": "2",
                                    "question_name": "What is this?",
                                    "answer": "1",
                                    "marks": "20",
                                    "remarks" : "Good going..!!"
                                },
                                {
                                    "question_id": "3",
                                    "question_name": "How are you?",
                                    "answer": "0",
                                    "marks": "20",
                                    "remarks" : "Good going..!!"
                                }
                            ]
                        },
                        {
                            "heading_id": "2",
                            "heading_name": "Mechanics",
                            "questions": [
                                {
                                    "question_id": "4",
                                    "question_name": "How are you?",
                                    "answer": "1",
                                    "marks": "20",
                                    "remarks" : "Good going..!!"
                                },
                                {
                                    "question_id": "6",
                                    "question_name": "What is this?",
                                    "answer": "1",
                                    "marks": "20",
                                    "remarks" : ""
                                },
                                {
                                    "question_id": "5",
                                    "question_name": "How are you?",
                                    "answer": "0",
                                    "marks": "20",
                                    "remarks" : ""
                                }
                            ]
                        }
                    ]
                }
            ]
        },
        {
            "dss_name": "Process",
            "dss_id": "1",
            "process": [
                {
                    "process_id": "1",
                    "process_name": "Vehicle Process",
                    "adherence" : "80",
                    "total_score" : "160",
                    "headings": [
                        {
                            "questions": [
                                {
                                    "question_id": "1",
                                    "question_name": "How are you?",
                                    "answer": "1",
                                    "marks": "20",
                                    "remarks" : ""
                                },
                                {
                                    "question_id": "2",
                                    "question_name": "What is this?",
                                    "answer": "1",
                                    "marks": "20",
                                    "remarks" : ""
                                },
                                {
                                    "question_id": "3",
                                    "question_name": "How are you?",
                                    "answer": "0",
                                    "marks": "20",
                                    "remarks" : ""
                                }
                            ]
                        },
                        {
                            "heading_id": "21",
                            "heading_name": "name",
                            "questions": [
                                {
                                    "question_id": "4",
                                    "question_name": "How are you?",
                                    "answer": "1",
                                    "marks": "20",
                                    "remarks" : ""
                                },
                                {
                                    "question_id": "6",
                                    "question_name": "What is this?",
                                    "answer": "1",
                                    "marks": "20",
                                    "remarks" : ""
                                },
                                {
                                    "question_id": "5",
                                    "question_name": "How are you?",
                                    "answer": "0",
                                    "marks": "20",
                                    "remarks" : ""
                                }
                            ]
                        }
                    ]
                }
            ]
        }
    ]
}