{
    "brand": "Bajaj",
    "brand_logo" : "img/Bajaj_Logo.png",
    "user":"Rajib Jena",
    "profile_img":"img/Rajib_Jena-new.jpg",
    "user_id":"3",
    "type": "landing",
    "list_img" : "arrow_img_path.png",
    "legends": [
        {
            "option_name": "Motorcycles",
            "className":"bajaj-bv-motorcycles",
            "background": "",
            "border" : "",
            "img_path" : "img/box-1.gif",
            "font_color":  "",
            "url":[
                {
                    "name":"Dealership Service Standards",
                    "href":"dss.html"
                },
            	{
            		"name":"Digital Free Service Coupon",
            		"href":"#"
            	},
            	{
            		"name":"Electronic Parts Catalog",
            		"href":"#"
            	}]
        },
		{
            "option_name": "Commercial Vechicle",
            "className":"bajaj-bv-commercialVehicle",
            "background": "",
            "border" : "",
            "img_path" : "img/Range_Yellow-re.gif",
            "font_color":  "",
            "url":[
                {
                    "name":"Parts Ready Rockoner",
                    "href":"#"
                },
            	{
            		"name":"Loyalty",
            		"href":"#"
            	},
            	{
            		"name":"Electronic Parts Catalog",
            		"href":"#"
            	}]
        },
		{
            "option_name": "International Business",
            "className":"bajaj-bv-internaltionBusiness",
            "background": "",
            "border" : "",
            "img_path" : "img/banner_2_zingzong.gif",
            "font_color":  "",
            "url":[
            	{
            		"name":"Electronic Parts Catalog",
            		"href":"#"
            	}]
        },
		{
            "option_name": "Probiking",
            "className":"bajaj-bv-probiking",
            "background": "",
            "border" : "",
            "img_path" : "img/ktm_pic2.gif",
            "font_color":  "",
            "url":[
            	{
            		"name":"Electronic Parts Catalog",
            		"href":"#"
            	}]
        }
    ]
}